<soapenv:Envelope xmlns:soapenv="http://schemas.xmlsoap.org/soap/envelope/" xmlns:ser="http://www.cnj.jus.br/servico-intercomunicacao-2.2.2/" xmlns:tip="http://www.cnj.jus.br/tipos-servico-intercomunicacao-2.2.2">
   <soapenv:Header/>
   <soapenv:Body>
      <ser:consultarProcesso>
        <tip:idConsultante>CPF</tip:idConsultante>
         <tip:senhaConsultante>SENHA</tip:senhaConsultante>
         <tip:numeroProcesso>06000804420196070001</tip:numeroProcesso>         
         <tip:movimentos>true</tip:movimentos>         
         <tip:incluirCabecalho>true</tip:incluirCabecalho>        
         <tip:incluirDocumentos>true</tip:incluirDocumentos>
      </ser:consultarProcesso>
   </soapenv:Body>
</soapenv:Envelope>
