<soapenv:Envelope xmlns:soapenv="http://schemas.xmlsoap.org/soap/envelope/" xmlns:ser="http://www.cnj.jus.br/servico-intercomunicacao-2.2.2/" xmlns:tip="http://www.cnj.jus.br/tipos-servico-intercomunicacao-2.2.2">
   <soapenv:Header/>
   <soapenv:Body>
      <ser:consultarAvisosPendentes>
         <!--Optional:-->
         <tip:idRepresentado></tip:idRepresentado>
         <!--Optional:-->
         <tip:idConsultante>CPF</tip:idConsultante>
         <!--Optional:-->
         <tip:senhaConsultante>SENHA</tip:senhaConsultante>
         <!--Optional:-->
         <tip:dataReferencia>20190901000000</tip:dataReferencia>
      </ser:consultarAvisosPendentes>
   </soapenv:Body>
</soapenv:Envelope>