<soapenv:Envelope xmlns:soapenv="http://schemas.xmlsoap.org/soap/envelope/" xmlns:ser="http://www.cnj.jus.br/servico-intercomunicacao-2.2.2/" xmlns:tip="http://www.cnj.jus.br/tipos-servico-intercomunicacao-2.2.2">
   <soapenv:Header/>
   <soapenv:Body>
      <ser:consultarTeorComunicacao>
         <!--Optional:-->
         <tip:idConsultante>CPF</tip:idConsultante>
         <!--Optional:-->
         <tip:senhaConsultante>SENHA</tip:senhaConsultante>
         <!--Optional:-->
         <tip:numeroProcesso>06000085720196070001</tip:numeroProcesso>
         <!--Optional:-->
         <tip:identificadorAviso></tip:identificadorAviso>
      </ser:consultarTeorComunicacao>
   </soapenv:Body>
</soapenv:Envelope>