<soapenv:Envelope xmlns:soapenv="http://schemas.xmlsoap.org/soap/envelope/" xmlns:ser="http://www.cnj.jus.br/servico-intercomunicacao-2.2.2/" xmlns:tip="http://www.cnj.jus.br/tipos-servico-intercomunicacao-2.2.2">
   <soapenv:Header/>
   <soapenv:Body>
      <ser:confirmarRecebimento>
         <tip:idRecebedor>CPF</tip:idRecebedor>
         <tip:senhaRecebedor>SENHA</tip:senhaRecebedor>
         <tip:protocolo>06000027720196200069</tip:protocolo>
      </ser:confirmarRecebimento>
   </soapenv:Body>
</soapenv:Envelope>