<soapenv:Envelope xmlns:soapenv="http://schemas.xmlsoap.org/soap/envelope/" xmlns:ser="http://www.cnj.jus.br/servico-intercomunicacao-2.2.2/" xmlns:tip="http://www.cnj.jus.br/tipos-servico-intercomunicacao-2.2.2">
   <soapenv:Header/>
   <soapenv:Body>
      <ser:consultarAlteracao>
         <tip:idConsultante>CPF</tip:idConsultante>
         <tip:senhaConsultante>SENHA</tip:senhaConsultante>
         <tip:numeroProcesso>06000027720196200069</tip:numeroProcesso>
      </ser:consultarAlteracao>
   </soapenv:Body>
</soapenv:Envelope>