<soapenv:Envelope xmlns:soapenv="http://schemas.xmlsoap.org/soap/envelope/" xmlns:ws="http://ws.pje.cnj.jus.br/">
   <soapenv:Header/>
   <soapenv:Body>
      <ws:consultarAssuntosJudiciais>
         <!--Optional:-->
         <arg0>
            <!--Optional:-->
            <descricao></descricao>
            <!--Optional:-->
            <id>1643</id>
         </arg0>
         <!--Optional:-->
         <arg1>
            <!--Optional:-->
            <codigo>279</codigo>
            <!--Optional:-->
            <descricao></descricao>
            <!--Optional:-->
            <recursal></recursal>
            <!--Optional:-->
            <exigePoloPassivo></exigePoloPassivo>
            <!--Optional:-->
            <remessaInstancia></remessaInstancia>
            <!--Optional:-->
            <tipoPartePoloPassivo>
               <idTipoParte></idTipoParte>
               <!--Optional:-->
               <descTipoParte></descTipoParte>
            </tipoPartePoloPassivo>
            <!--Optional:-->
            <tipoPartePoloAtivo>
               <idTipoParte></idTipoParte>
               <!--Optional:-->
               <descTipoParte></descTipoParte>
            </tipoPartePoloAtivo>
         </arg1>
      </ws:consultarAssuntosJudiciais>
   </soapenv:Body>
</soapenv:Envelope>